,,ADF Statistic,P - Value,Lag
Close,AUD,-0.818662993013,0.813578392822,2
Close,BDT,-1.77348597488,0.393702332078,10
Close,CNY,-1.40911349886,0.577899278088,20
Close,HKD,-1.91531587576,0.324890696214,7
Close,IDR,,,
Close,INR,-1.18228954231,0.681167530399,5
Close,JPY,-1.05321268629,0.733365189575,0
Close,KRW,-3.52422655134,0.00738627242257,0
Close,LKR,0.31387957681,0.977972388137,28
Close,MNT,0.869262602067,0.992675793892,4
Close,MYR,-0.66451234045,0.855728790338,4
Close,NZD,-1.89606127077,0.33391627595,0
Close,PHP,-0.656656923386,0.85765930344,4
Close,PKR,0.909412364797,0.993211939006,28
Close,SGD,-1.9659948333,0.301679259228,1
Close,THB,-1.04856150561,0.735143379721,1
Close,TWD,-2.10307947411,0.243278133859,2
Close,VND,-2.40207685944,0.14115108829,2
High,AUD,-0.823127589814,0.812233943647,1
High,BDT,-1.81337194555,0.373843393212,25
High,CNY,-1.5273584006,0.51993674539,23
High,HKD,-1.75489153462,0.403075388298,26
High,IDR,,,
High,INR,-1.19667473007,0.67502452078,5
High,JPY,-1.04497314652,0.736510196435,1
High,KRW,-3.39535579933,0.0111182146127,4
High,LKR,0.25834794674,0.975350706091,27
High,MNT,0.570828730023,0.98687409627,21
High,MYR,-0.81052444234,0.816011027343,20
High,NZD,-1.9328128144,0.316785807921,1
High,PHP,-0.710093745109,0.844117677757,1
High,PKR,1.16447205972,0.995730987653,26
High,SGD,-1.94119663891,0.312935849819,7
High,THB,-1.21628699846,0.666550509523,5
High,TWD,-2.12110749708,0.23611230398,12
High,VND,-2.44409477392,0.129675645762,10
Low,AUD,-0.770933902782,0.827511292056,1
Low,BDT,-1.73252875922,0.414435382774,20
Low,CNY,-0.9341887311,0.776505227942,4
Low,HKD,-1.81019987636,0.375409625614,12
Low,IDR,,,
Low,INR,-1.16157237792,0.68990412947,5
Low,JPY,-1.02163913475,0.745290337993,5
Low,KRW,-3.39704275637,0.0110600978921,1
Low,LKR,0.342101562627,0.979195737709,27
Low,MNT,0.766198426553,0.991070482941,5
Low,MYR,-0.729789908508,0.838881666066,22
Low,NZD,-1.75094668505,0.405072600945,2
Low,PHP,-0.648711116202,0.859591176775,1
Low,PKR,1.89859532944,0.998525755675,21
Low,SGD,-1.91986446222,0.322774713293,7
Low,THB,-1.07931888071,0.723248443599,1
Low,TWD,-2.11243373566,0.239544415543,2
Low,VND,-2.54132789412,0.105739799558,13
Open,AUD,-0.793563529987,0.821005424331,2
Open,BDT,-1.81578419948,0.372653911539,28
Open,CNY,-1.46020648775,0.553096825401,26
Open,HKD,-1.92263409182,0.321489370806,7
Open,IDR,,,
Open,INR,-1.16552926673,0.688245673225,5
Open,JPY,-1.0625513995,0.729772688666,0
Open,KRW,-3.3774929718,0.0117504857784,1
Open,LKR,0.329457554231,0.978656342275,28
Open,MNT,0.791369741094,0.991495574526,5
Open,MYR,-0.642426114838,0.861104466037,4
Open,NZD,-1.82512863855,0.368059303154,1
Open,PHP,-0.630386143127,0.863967135687,1
Open,PKR,1.02484883541,0.994521334933,28
Open,SGD,-1.9035144456,0.330409615122,2
Open,THB,-1.13264094302,0.701881144684,1
Open,TWD,-2.13466683655,0.230805235484,8
Open,VND,-2.36053850535,0.153185180221,11
Intraday_OC,AUD,-35.5069759143,0.0,1
Intraday_OC,BDT,-3.69998252206,0.00411339998841,28
Intraday_OC,CNY,-20.8723714131,0.0,4
Intraday_OC,HKD,-47.9868206424,0.0,0
Intraday_OC,IDR,,,
Intraday_OC,INR,-11.6473140839,2.07721441067e-21,12
Intraday_OC,JPY,-51.4832924703,0.0,0
Intraday_OC,KRW,-53.4958662223,0.0,0
Intraday_OC,LKR,-5.3109922114,5.19575731201e-06,27
Intraday_OC,MNT,-9.32473381155,9.67891848503e-16,11
Intraday_OC,MYR,-25.7776598597,0.0,3
Intraday_OC,NZD,-52.3646090545,0.0,0
Intraday_OC,PHP,-33.6059528549,0.0,1
Intraday_OC,PKR,-5.73901827052,6.33911266667e-07,25
Intraday_OC,SGD,-52.5464867151,0.0,0
Intraday_OC,THB,-8.08346202856,1.4406154549e-12,19
Intraday_OC,TWD,-7.05983916263,5.25840834055e-10,28
Intraday_OC,VND,-10.5588089899,7.82489774764e-19,11
Intraday_HL,AUD,-4.76070705487,6.46233247184e-05,19
Intraday_HL,BDT,-5.36955501912,3.92331843414e-06,24
Intraday_HL,CNY,-4.73456137687,7.24329835392e-05,21
Intraday_HL,HKD,-6.58396975954,7.39389986052e-09,13
Intraday_HL,IDR,,,
Intraday_HL,INR,-4.29648196507,0.000450485048287,19
Intraday_HL,JPY,-6.83633404355,1.8384978038e-09,14
Intraday_HL,KRW,-4.51718440952,0.00018304880599,27
Intraday_HL,LKR,-2.97118024187,0.0376748688794,28
Intraday_HL,MNT,-3.75592449309,0.00339186315035,22
Intraday_HL,MYR,-5.17353298369,9.95449715169e-06,13
Intraday_HL,NZD,-4.42166431461,0.000271695990968,19
Intraday_HL,PHP,-5.72160760951,6.92064330205e-07,20
Intraday_HL,PKR,-3.47756552843,0.00858230214447,24
Intraday_HL,SGD,-4.2174569434,0.000615473765883,24
Intraday_HL,THB,-6.68963822976,4.14088972364e-09,19
Intraday_HL,TWD,-4.67338847259,9.43919406997e-05,20
Intraday_HL,VND,-5.5736438222,1.44850583898e-06,26
Prev_close_open,AUD,-20.8532333529,0.0,4
Prev_close_open,BDT,-4.33912319144,0.00037979366238,14
Prev_close_open,CNY,-8.59687138925,7.03883582576e-14,20
Prev_close_open,HKD,-4.6619610659,9.91452875027e-05,28
Prev_close_open,IDR,,,
Prev_close_open,INR,-5.73817912011,6.36601166074e-07,27
Prev_close_open,JPY,-50.0100463097,0.0,0
Prev_close_open,KRW,-11.2335017503,1.88199931382e-20,28
Prev_close_open,LKR,-6.14544769167,7.7873760198e-08,14
Prev_close_open,MNT,-8.23203060006,6.02690018551e-13,15
Prev_close_open,MYR,-27.7304646131,0.0,2
Prev_close_open,NZD,-12.9428255762,3.50543009608e-24,9
Prev_close_open,PHP,-9.47288787635,4.06148850939e-16,18
Prev_close_open,PKR,-5.34613131334,4.39104679779e-06,19
Prev_close_open,SGD,-5.63758228823,1.0544139e-06,28
Prev_close_open,THB,-3.68644009045,0.00430798002021,19
Prev_close_open,TWD,-7.21271060883,2.21341438015e-10,22
Prev_close_open,VND,-9.71596615963,9.82843257615e-17,13
Open_Ret,AUD,-35.6934569321,0.0,1
Open_Ret,BDT,-8.5218440801,1.09530152123e-13,27
Open_Ret,CNY,-15.2887439878,4.47332887643e-28,8
Open_Ret,HKD,-21.9420950336,0.0,6
Open_Ret,IDR,,,
Open_Ret,INR,-21.3610206557,0.0,4
Open_Ret,JPY,-52.1336368277,0.0,0
Open_Ret,KRW,-54.3094476738,0.0,0
Open_Ret,LKR,-6.83171390625,1.88634698047e-09,27
Open_Ret,MNT,-20.4472945907,0.0,4
Open_Ret,MYR,-25.7242803764,0.0,3
Open_Ret,NZD,-52.9085773016,0.0,0
Open_Ret,PHP,-55.798006767,0.0,0
Open_Ret,PKR,-8.09002029324,1.38632207914e-12,28
Open_Ret,SGD,-53.245710972,0.0,0
Open_Ret,THB,-48.1505632633,0.0,0
Open_Ret,TWD,-17.438914609,4.72137242336e-30,7
Open_Ret,VND,-14.7362510056,2.61274205836e-27,10
High_Ret,AUD,-46.1711410358,0.0,0
High_Ret,BDT,-9.30869386095,1.06345014378e-15,24
High_Ret,CNY,-18.4302281385,2.16918289561e-30,5
High_Ret,HKD,-10.6665096788,4.27364556275e-19,26
High_Ret,IDR,,,
High_Ret,INR,-20.8098720551,0.0,4
High_Ret,JPY,-45.8947480181,0.0,0
High_Ret,KRW,-25.22439273,0.0,3
High_Ret,LKR,-6.71847398264,3.53227880029e-09,26
High_Ret,MNT,-9.43129866608,5.1814263559e-16,22
High_Ret,MYR,-32.6683761961,0.0,1
High_Ret,NZD,-45.4903765281,0.0,0
High_Ret,PHP,-46.9405423766,0.0,0
High_Ret,PKR,-8.35895904811,2.85795472507e-13,25
High_Ret,SGD,-18.2692637041,2.32159929384e-30,6
High_Ret,THB,-20.7377429275,0.0,4
High_Ret,TWD,-14.0820879303,2.81704357055e-26,11
High_Ret,VND,-15.371575461,3.50271432977e-28,10
Low_Ret,AUD,-44.500444068,0.0,0
Low_Ret,BDT,-9.97783578491,2.15390004218e-17,19
Low_Ret,CNY,-23.4183667459,0.0,3
Low_Ret,HKD,-16.5797551254,1.83867257169e-29,11
Low_Ret,IDR,,,
Low_Ret,INR,-20.3974443196,0.0,4
Low_Ret,JPY,-24.2510355725,0.0,4
Low_Ret,KRW,-45.5912189648,0.0,0
Low_Ret,LKR,-7.05416967199,5.42914969086e-10,28
Low_Ret,MNT,-19.6933716052,0.0,4
Low_Ret,MYR,-11.6208086913,2.38709213682e-21,14
Low_Ret,NZD,-34.7703592398,0.0,1
Low_Ret,PHP,-45.4501126139,0.0,0
Low_Ret,PKR,-8.11047662598,1.22973096743e-12,28
Low_Ret,SGD,-18.2316696716,2.36644598207e-30,6
Low_Ret,THB,-43.5246747882,0.0,0
Low_Ret,TWD,-36.0580926301,0.0,1
Low_Ret,VND,-9.56304260373,2.3973518651e-16,24
Close_Ret,AUD,-35.4035709312,0.0,1
Close_Ret,BDT,-17.853819949,3.07208741958e-30,7
Close_Ret,CNY,-8.94107198842,9.25021248832e-15,19
Close_Ret,HKD,-22.1239644977,0.0,6
Close_Ret,IDR,,,
Close_Ret,INR,-21.4228598161,0.0,4
Close_Ret,JPY,-50.9388073002,0.0,0
Close_Ret,KRW,-52.6733690271,0.0,0
Close_Ret,LKR,-6.91709509216,1.17187698637e-09,27
Close_Ret,MNT,-25.5285952202,0.0,2
Close_Ret,MYR,-18.2647129038,2.32682915637e-30,6
Close_Ret,NZD,-52.5377476547,0.0,0
Close_Ret,PHP,-26.8372174435,0.0,3
Close_Ret,PKR,-7.85508431559,5.46997405945e-12,25
Close_Ret,SGD,-31.2735579316,0.0,2
Close_Ret,THB,-48.747317341,0.0,0
Close_Ret,TWD,-38.2982773609,0.0,1
Close_Ret,VND,-54.4617632642,0.0,0
Open_Ret_MA_3,AUD,-9.40752450232,5.95589614957e-16,27
Open_Ret_MA_3,BDT,-8.15695278666,9.36416201922e-13,27
Open_Ret_MA_3,CNY,-6.99034597436,7.77408918738e-10,28
Open_Ret_MA_3,HKD,-9.89563735735,3.46400739037e-17,28
Open_Ret_MA_3,IDR,,,
Open_Ret_MA_3,INR,-8.9992935652,6.56374227164e-15,28
Open_Ret_MA_3,JPY,-8.81236741411,1.9755040205e-14,27
Open_Ret_MA_3,KRW,-9.37541216299,7.18961085456e-16,27
Open_Ret_MA_3,LKR,-7.07769376457,4.75468915907e-10,28
Open_Ret_MA_3,MNT,-8.07288373962,1.53268907934e-12,27
Open_Ret_MA_3,MYR,-7.76718551201,9.12179468235e-12,27
Open_Ret_MA_3,NZD,-9.9029950983,3.31959331727e-17,27
Open_Ret_MA_3,PHP,-9.29980359481,1.12043174889e-15,27
Open_Ret_MA_3,PKR,-7.77710472229,8.61085161682e-12,28
Open_Ret_MA_3,SGD,-8.98698136675,7.05758545206e-15,27
Open_Ret_MA_3,THB,-8.09932077071,1.31280546267e-12,28
Open_Ret_MA_3,TWD,-8.06319353789,1.62216877956e-12,28
Open_Ret_MA_3,VND,-9.17244925008,2.36828068459e-15,27
Open_Ret_MA_15,AUD,-8.71461580571,3.51569559248e-14,21
Open_Ret_MA_15,BDT,-8.32490103927,3.49186170321e-13,28
Open_Ret_MA_15,CNY,-7.2537948349,1.75212522582e-10,21
Open_Ret_MA_15,HKD,-9.86520412276,4.13161684838e-17,25
Open_Ret_MA_15,IDR,,,
Open_Ret_MA_15,INR,-9.66833035696,1.29703280774e-16,27
Open_Ret_MA_15,JPY,-8.03587383374,1.90345349037e-12,25
Open_Ret_MA_15,KRW,-9.40938447092,5.89132660506e-16,23
Open_Ret_MA_15,LKR,-8.02469555787,2.03210156945e-12,27
Open_Ret_MA_15,MNT,-8.13042528482,1.09402676107e-12,27
Open_Ret_MA_15,MYR,-8.27989439017,4.54954995826e-13,27
Open_Ret_MA_15,NZD,-9.52756619113,2.94966388062e-16,22
Open_Ret_MA_15,PHP,-10.0525823766,1.39986362706e-17,27
Open_Ret_MA_15,PKR,-8.92286566527,1.0298063081e-14,27
Open_Ret_MA_15,SGD,-8.04990541303,1.75339313158e-12,19
Open_Ret_MA_15,THB,-8.1643969701,8.96405571983e-13,28
Open_Ret_MA_15,TWD,-8.20663098052,6.99624565824e-13,28
Open_Ret_MA_15,VND,-9.43812247945,4.97840194004e-16,26
Open_Ret_MA_45,AUD,-6.35290919117,2.58450220919e-08,23
Open_Ret_MA_45,BDT,-6.09676684303,1.00570504156e-07,28
Open_Ret_MA_45,CNY,-6.04687171171,1.30550072207e-07,26
Open_Ret_MA_45,HKD,-7.85895591981,5.34798272361e-12,21
Open_Ret_MA_45,IDR,,,
Open_Ret_MA_45,INR,-6.51235626526,1.09241712681e-08,13
Open_Ret_MA_45,JPY,-5.50663129994,2.01502489563e-06,0
Open_Ret_MA_45,KRW,-6.78702296428,2.41760418447e-09,17
Open_Ret_MA_45,LKR,-6.19175503185,6.09889028353e-08,27
Open_Ret_MA_45,MNT,-5.2038066382,8.63610947215e-06,5
Open_Ret_MA_45,MYR,-6.20970361228,5.54610554096e-08,28
Open_Ret_MA_45,NZD,-6.11375510965,9.19953647782e-08,14
Open_Ret_MA_45,PHP,-6.4503263321,1.5291751162e-08,23
Open_Ret_MA_45,PKR,-6.52533583505,1.01796733712e-08,28
Open_Ret_MA_45,SGD,-5.7745228088,5.29735422669e-07,9
Open_Ret_MA_45,THB,-6.92860358917,1.09883299382e-09,24
Open_Ret_MA_45,TWD,-5.36895043955,3.93475828895e-06,8
Open_Ret_MA_45,VND,-7.19803560752,2.4058406365e-10,11
High_Ret_MA_3,AUD,-9.27953437105,1.26205791453e-15,27
High_Ret_MA_3,BDT,-7.96371368311,2.90247641839e-12,27
High_Ret_MA_3,CNY,-7.43240731208,6.31006506919e-11,27
High_Ret_MA_3,HKD,-10.1117104481,9.96344878708e-18,28
High_Ret_MA_3,IDR,,,
High_Ret_MA_3,INR,-9.1780853972,2.29105932761e-15,28
High_Ret_MA_3,JPY,-8.50814432774,1.18737684423e-13,27
High_Ret_MA_3,KRW,-9.46206192241,4.32720902853e-16,28
High_Ret_MA_3,LKR,-7.11369579629,3.87980983002e-10,28
High_Ret_MA_3,MNT,-8.12500444092,1.12935218097e-12,27
High_Ret_MA_3,MYR,-8.08455017255,1.43146269225e-12,28
High_Ret_MA_3,NZD,-9.92874011161,2.86028179825e-17,28
High_Ret_MA_3,PHP,-9.63421902286,1.58236758311e-16,28
High_Ret_MA_3,PKR,-7.50694352822,4.11083107607e-11,27
High_Ret_MA_3,SGD,-8.99946997233,6.55692395082e-15,28
High_Ret_MA_3,THB,-8.14984354694,9.76287287169e-13,28
High_Ret_MA_3,TWD,-8.14874422346,9.82601971561e-13,28
High_Ret_MA_3,VND,-9.57279341496,2.26462612718e-16,27
High_Ret_MA_15,AUD,-8.45312132425,1.6418902221e-13,20
High_Ret_MA_15,BDT,-8.6511862317,5.11020437868e-14,27
High_Ret_MA_15,CNY,-7.52380033785,3.73047321171e-11,21
High_Ret_MA_15,HKD,-9.95728251524,2.42532377957e-17,24
High_Ret_MA_15,IDR,,,
High_Ret_MA_15,INR,-9.79485454578,6.21340594864e-17,27
High_Ret_MA_15,JPY,-7.71985257199,1.20069769158e-11,22
High_Ret_MA_15,KRW,-9.38655001426,6.73508259148e-16,22
High_Ret_MA_15,LKR,-8.28668777349,4.37147538408e-13,25
High_Ret_MA_15,MNT,-7.69319748658,1.40141596109e-11,24
High_Ret_MA_15,MYR,-8.16943407582,8.70303803511e-13,26
High_Ret_MA_15,NZD,-9.35044410423,8.32351196339e-16,21
High_Ret_MA_15,PHP,-9.81824841776,5.42449041336e-17,26
High_Ret_MA_15,PKR,-8.17044454337,8.65159635749e-13,27
High_Ret_MA_15,SGD,-8.19226579774,7.6117672738e-13,22
High_Ret_MA_15,THB,-8.28652849632,4.37556981757e-13,28
High_Ret_MA_15,TWD,-8.38968055554,2.38532065082e-13,28
High_Ret_MA_15,VND,-10.2902149877,3.58640166824e-18,28
High_Ret_MA_45,AUD,-6.38024742668,2.23152549053e-08,2
High_Ret_MA_45,BDT,-6.46086491313,1.4444139464e-08,28
High_Ret_MA_45,CNY,-6.24499009282,4.59905996347e-08,26
High_Ret_MA_45,HKD,-7.94546286243,3.22894883732e-12,25
High_Ret_MA_45,IDR,,,
High_Ret_MA_45,INR,-5.93459326925,2.33710719312e-07,8
High_Ret_MA_45,JPY,-5.30841442525,5.2601222551e-06,1
High_Ret_MA_45,KRW,-6.85090860853,1.69527905768e-09,17
High_Ret_MA_45,LKR,-6.11290975744,9.24045654263e-08,27
High_Ret_MA_45,MNT,-5.24685938867,7.04846355687e-06,23
High_Ret_MA_45,MYR,-5.23813909768,7.34529152477e-06,7
High_Ret_MA_45,NZD,-6.49144213144,1.22381970982e-08,1
High_Ret_MA_45,PHP,-6.54818131368,8.98883861496e-09,13
High_Ret_MA_45,PKR,-5.64691921481,1.00642585284e-06,19
High_Ret_MA_45,SGD,-5.90884896271,2.66840778264e-07,7
High_Ret_MA_45,THB,-6.7894267539,2.3855964199e-09,23
High_Ret_MA_45,TWD,-6.20507390095,5.68379069305e-08,28
High_Ret_MA_45,VND,-7.22629873702,2.04887901864e-10,12
Low_Ret_MA_3,AUD,-9.07491889614,4.20441887804e-15,27
Low_Ret_MA_3,BDT,-7.87005682198,5.01301051014e-12,28
Low_Ret_MA_3,CNY,-6.94200647308,1.01942645279e-09,27
Low_Ret_MA_3,HKD,-9.86050697595,4.24561079698e-17,28
Low_Ret_MA_3,IDR,,,
Low_Ret_MA_3,INR,-9.15958204053,2.55449173581e-15,28
Low_Ret_MA_3,JPY,-9.1391906814,2.88009969098e-15,28
Low_Ret_MA_3,KRW,-9.11537506771,3.31340799782e-15,27
Low_Ret_MA_3,LKR,-7.57128053797,2.83693677615e-11,28
Low_Ret_MA_3,MNT,-8.1173769591,1.1809908271e-12,28
Low_Ret_MA_3,MYR,-7.73523802541,1.09813983172e-11,27
Low_Ret_MA_3,NZD,-9.85226368468,4.45336412762e-17,28
Low_Ret_MA_3,PHP,-9.26689377986,1.3593315968e-15,28
Low_Ret_MA_3,PKR,-7.8241955973,6.54781872192e-12,27
Low_Ret_MA_3,SGD,-8.72730924248,3.2621548379e-14,27
Low_Ret_MA_3,THB,-7.89468019799,4.34268020656e-12,28
Low_Ret_MA_3,TWD,-7.89499932225,4.33460603179e-12,28
Low_Ret_MA_3,VND,-8.79526033299,2.18517693885e-14,27
Low_Ret_MA_15,AUD,-8.55805999836,8.84808262161e-14,27
Low_Ret_MA_15,BDT,-8.3530001426,2.95992061329e-13,26
Low_Ret_MA_15,CNY,-7.23197406957,1.98380213059e-10,21
Low_Ret_MA_15,HKD,-9.65075784901,1.43690562614e-16,25
Low_Ret_MA_15,IDR,,,
Low_Ret_MA_15,INR,-9.59691054644,1.96716991817e-16,27
Low_Ret_MA_15,JPY,-8.46224961838,1.55595582982e-13,28
Low_Ret_MA_15,KRW,-9.40207807562,6.14908330701e-16,28
Low_Ret_MA_15,LKR,-8.34449572155,3.11176340636e-13,27
Low_Ret_MA_15,MNT,-8.08958009434,1.3899016016e-12,26
Low_Ret_MA_15,MYR,-8.44248899416,1.74797551225e-13,28
Low_Ret_MA_15,NZD,-9.1618715206,2.5203177387e-15,18
Low_Ret_MA_15,PHP,-9.85477906665,4.38890851881e-17,26
Low_Ret_MA_15,PKR,-8.64122402283,5.41934282894e-14,28
Low_Ret_MA_15,SGD,-8.47688538526,1.42744860567e-13,28
Low_Ret_MA_15,THB,-8.00356778923,2.29937665411e-12,27
Low_Ret_MA_15,TWD,-8.27186378441,4.76941093835e-13,28
Low_Ret_MA_15,VND,-9.64181300331,1.51382598158e-16,27
Low_Ret_MA_45,AUD,-6.11933627984,8.93380388993e-08,1
Low_Ret_MA_45,BDT,-6.25501698203,4.36027977036e-08,21
Low_Ret_MA_45,CNY,-6.14225793862,7.91927320446e-08,22
Low_Ret_MA_45,HKD,-7.38123937218,8.46168204639e-11,23
Low_Ret_MA_45,IDR,,,
Low_Ret_MA_45,INR,-6.69264246115,4.07293439865e-09,27
Low_Ret_MA_45,JPY,-5.35030732064,4.30386987646e-06,6
Low_Ret_MA_45,KRW,-6.93592052906,1.05475379043e-09,17
Low_Ret_MA_45,LKR,-6.2075659911,5.60926508418e-08,27
Low_Ret_MA_45,MNT,-5.19322781671,9.07633799806e-06,5
Low_Ret_MA_45,MYR,-6.22600033227,5.08702770561e-08,28
Low_Ret_MA_45,NZD,-6.34413718284,2.70900058827e-08,1
Low_Ret_MA_45,PHP,-6.57382610629,7.8152077715e-09,24
Low_Ret_MA_45,PKR,-6.35285126154,2.58530562038e-08,27
Low_Ret_MA_45,SGD,-5.99509428965,1.70908712187e-07,7
Low_Ret_MA_45,THB,-6.73925056918,3.14938687675e-09,25
Low_Ret_MA_45,TWD,-5.27038127386,6.30462157976e-06,13
Low_Ret_MA_45,VND,-6.96463695309,8.98034058789e-10,26
Close_Ret_MA_3,AUD,-8.93377335703,9.6568154821e-15,28
Close_Ret_MA_3,BDT,-8.3948193972,2.31425858541e-13,27
Close_Ret_MA_3,CNY,-7.00223166358,7.27204690003e-10,27
Close_Ret_MA_3,HKD,-9.90474827824,3.28608546837e-17,28
Close_Ret_MA_3,IDR,,,
Close_Ret_MA_3,INR,-9.23618131214,1.62816181536e-15,28
Close_Ret_MA_3,JPY,-8.7409677754,3.00971938749e-14,27
Close_Ret_MA_3,KRW,-9.32666428636,9.56987424409e-16,27
Close_Ret_MA_3,LKR,-7.17195326887,2.78963422353e-10,28
Close_Ret_MA_3,MNT,-7.97075205804,2.78554814825e-12,27
Close_Ret_MA_3,MYR,-7.73624657204,1.09172973019e-11,27
Close_Ret_MA_3,NZD,-9.90218588441,3.33517519753e-17,27
Close_Ret_MA_3,PHP,-9.14555251892,2.77428302992e-15,27
Close_Ret_MA_3,PKR,-7.57871005358,2.71783559505e-11,27
Close_Ret_MA_3,SGD,-8.99325575487,6.80143915477e-15,27
Close_Ret_MA_3,THB,-7.85757267304,5.39125371374e-12,27
Close_Ret_MA_3,TWD,-7.97539088937,2.71106048013e-12,28
Close_Ret_MA_3,VND,-8.99627517667,6.68151218518e-15,28
Close_Ret_MA_15,AUD,-8.61652619783,6.2687640159e-14,21
Close_Ret_MA_15,BDT,-8.593995839,7.15916309179e-14,27
Close_Ret_MA_15,CNY,-7.2883558768,1.43888526671e-10,21
Close_Ret_MA_15,HKD,-10.0062145541,1.82859052195e-17,25
Close_Ret_MA_15,IDR,,,
Close_Ret_MA_15,INR,-9.60532577746,1.87288599493e-16,27
Close_Ret_MA_15,JPY,-7.97608073792,2.70015403926e-12,25
Close_Ret_MA_15,KRW,-9.2653982194,1.37132686363e-15,23
Close_Ret_MA_15,LKR,-7.95263377612,3.09652719017e-12,28
Close_Ret_MA_15,MNT,-7.78730285835,8.11521693691e-12,25
Close_Ret_MA_15,MYR,-8.20902633692,6.89855033656e-13,27
Close_Ret_MA_15,NZD,-9.30845679406,1.06493122865e-15,21
Close_Ret_MA_15,PHP,-10.1160152124,9.7201086738e-18,26
Close_Ret_MA_15,PKR,-8.30454219371,3.93591827112e-13,26
Close_Ret_MA_15,SGD,-8.0611477397,1.64171521075e-12,19
Close_Ret_MA_15,THB,-7.86777262669,5.08018561424e-12,23
Close_Ret_MA_15,TWD,-8.19964816405,7.28898566457e-13,28
Close_Ret_MA_15,VND,-9.29138592542,1.1772035526e-15,27
Close_Ret_MA_45,AUD,-6.39827675061,2.02517539991e-08,23
Close_Ret_MA_45,BDT,-6.29391116357,3.54406388194e-08,22
Close_Ret_MA_45,CNY,-5.99161201653,1.74024388067e-07,26
Close_Ret_MA_45,HKD,-7.98365554946,2.58323344895e-12,22
Close_Ret_MA_45,IDR,,,
Close_Ret_MA_45,INR,-6.5867164202,7.28372690076e-09,15
Close_Ret_MA_45,JPY,-5.45659258784,2.57350506416e-06,0
Close_Ret_MA_45,KRW,-7.06591872628,5.08122209438e-10,27
Close_Ret_MA_45,LKR,-5.89039087889,2.93382433013e-07,28
Close_Ret_MA_45,MNT,-5.60631420523,1.23193873554e-06,27
Close_Ret_MA_45,MYR,-6.291626928,3.58753793738e-08,28
Close_Ret_MA_45,NZD,-6.11217661548,9.27608959989e-08,14
Close_Ret_MA_45,PHP,-6.409315531,1.90823116658e-08,24
Close_Ret_MA_45,PKR,-6.43582713081,1.65384872782e-08,26
Close_Ret_MA_45,SGD,-5.9096831594,2.65698497714e-07,7
Close_Ret_MA_45,THB,-6.91558795933,1.18179160091e-09,24
Close_Ret_MA_45,TWD,-5.85491118352,3.5185448736e-07,23
Close_Ret_MA_45,VND,-6.66943069565,4.62797878558e-09,11
Time features,Weekday,-3.08287588041e+14,0.0,3
Time features,Year,-0.521729053228,0.887706014884,0
Time features,Month,-5.04848662266,1.77780038979e-05,0
Time features,Day,-11.6117750871,2.50311320166e-21,28
Open_MTD,AUD,-8.11004644344,1.23283508639e-12,22
Open_MTD,BDT,-8.22701893307,6.20692120645e-13,22
Open_MTD,CNY,-7.14983099492,3.16228154496e-10,28
Open_MTD,HKD,-9.84299918344,4.6990807508e-17,10
Open_MTD,IDR,,,
Open_MTD,INR,-11.4094928625,7.30958939622e-21,7
Open_MTD,JPY,-11.0469048734,5.19561897559e-20,12
Open_MTD,KRW,-11.3097790651,1.24727548484e-20,8
Open_MTD,LKR,-7.51433208311,3.93959236367e-11,25
Open_MTD,MNT,-10.7826305007,2.23500477888e-19,4
Open_MTD,MYR,-11.0928496609,4.04145931763e-20,3
Open_MTD,NZD,-9.01664192007,5.92604600513e-15,22
Open_MTD,PHP,-11.4446298224,6.06074464264e-21,12
Open_MTD,PKR,-7.26383990977,1.65469538346e-10,28
Open_MTD,SGD,-8.79632159851,2.17154500793e-14,24
Open_MTD,THB,-10.9255005207,1.01265492499e-19,7
Open_MTD,TWD,-10.5967030771,6.32248746437e-19,8
Open_MTD,VND,-10.2683083497,4.06388652759e-18,12
High_MTD,AUD,-8.32146152738,3.56320869418e-13,22
High_MTD,BDT,-8.44228488336,1.75007762933e-13,25
High_MTD,CNY,-6.90341205043,1.26499265193e-09,28
High_MTD,HKD,-9.92021847476,3.00476590384e-17,14
High_MTD,IDR,,,
High_MTD,INR,-12.0764694885,2.28406905732e-22,6
High_MTD,JPY,-11.2414950391,1.80240488328e-20,3
High_MTD,KRW,-11.243928868,1.77885339228e-20,8
High_MTD,LKR,-7.23446624432,1.95587677682e-10,24
High_MTD,MNT,-8.08463551256,1.4307473228e-12,23
High_MTD,MYR,-11.0241950572,5.88414139534e-20,3
High_MTD,NZD,-9.57444840011,2.2428426324e-16,21
High_MTD,PHP,-9.17526569194,2.32937172376e-15,21
High_MTD,PKR,-7.63939450234,1.91378606756e-11,23
High_MTD,SGD,-9.11812194415,3.26027116838e-15,24
High_MTD,THB,-11.6194495078,2.40419319827e-21,5
High_MTD,TWD,-10.6976409516,3.59044475713e-19,8
High_MTD,VND,-10.0141212146,1.74709789942e-17,18
Low_MTD,AUD,-8.58911621766,7.36807228138e-14,21
Low_MTD,BDT,-8.73405374893,3.13496276644e-14,22
Low_MTD,CNY,-7.82148892833,6.65178202198e-12,23
Low_MTD,HKD,-9.58548190848,2.10289468566e-16,10
Low_MTD,IDR,,,
Low_MTD,INR,-11.8831675944,6.10987101836e-22,6
Low_MTD,JPY,-10.990584795,7.0764230059e-20,6
Low_MTD,KRW,-8.63413341183,5.65069299974e-14,22
Low_MTD,LKR,-7.82218708518,6.62480962347e-12,24
Low_MTD,MNT,-7.21049224231,2.24149246118e-10,26
Low_MTD,MYR,-7.44490815751,5.87301397181e-11,21
Low_MTD,NZD,-9.49089162085,3.65534322386e-16,21
Low_MTD,PHP,-8.75325035976,2.79943890202e-14,21
Low_MTD,PKR,-7.15771954423,3.02405921329e-10,23
Low_MTD,SGD,-9.09861294363,3.65699430222e-15,23
Low_MTD,THB,-11.4874501791,4.82681071486e-21,4
Low_MTD,TWD,-11.4197635828,6.91969032524e-21,1
Low_MTD,VND,-9.31989477609,9.95776255883e-16,27
Close_MTD,AUD,-8.2319247656,6.03064743899e-13,22
Close_MTD,BDT,-11.5470533331,3.52038894273e-21,10
Close_MTD,CNY,-7.66475820066,1.65245226378e-11,23
Close_MTD,HKD,-9.65140178488,1.43152205655e-16,14
Close_MTD,IDR,,,
Close_MTD,INR,-8.55711808807,8.89733589962e-14,25
Close_MTD,JPY,-11.0407188649,5.37466283738e-20,3
Close_MTD,KRW,-11.7497611841,1.21707653676e-21,4
Close_MTD,LKR,-7.61252334978,2.23555882492e-11,24
Close_MTD,MNT,-7.19388469055,2.46321642529e-10,26
Close_MTD,MYR,-11.0195338174,6.03650869667e-20,2
Close_MTD,NZD,-9.63023566533,1.61955803881e-16,21
Close_MTD,PHP,-10.8287058664,1.73014701155e-19,0
Close_MTD,PKR,-7.78129971149,8.40342816233e-12,22
Close_MTD,SGD,-9.58393012078,2.12203460084e-16,21
Close_MTD,THB,-11.654777421,1.99756578831e-21,5
Close_MTD,TWD,-11.5399052644,3.65590824261e-21,0
Close_MTD,VND,-10.1874630562,6.45210448828e-18,12
Open_YTD,AUD,-3.84619151794,0.00246854013411,0
Open_YTD,BDT,-3.08218455336,0.0279000130545,17
Open_YTD,CNY,-3.20988204,0.019419746559,1
Open_YTD,HKD,-4.11929052629,0.000899808229612,0
Open_YTD,IDR,,,
Open_YTD,INR,-4.04596371584,0.00118806118135,10
Open_YTD,JPY,-3.2410855422,0.017726304021,0
Open_YTD,KRW,-3.74545778119,0.00351733179004,1
Open_YTD,LKR,-2.96774295711,0.0380185923865,0
Open_YTD,MNT,-3.41325236243,0.0105153106851,2
Open_YTD,MYR,-3.07090636324,0.0287825172947,0
Open_YTD,NZD,-3.42670430764,0.0100815188423,1
Open_YTD,PHP,-3.3248799884,0.0138023135126,0
Open_YTD,PKR,-3.32208343031,0.013919744414,0
Open_YTD,SGD,-3.32628437009,0.0137436727072,2
Open_YTD,THB,-3.00836302481,0.0341207456668,0
Open_YTD,TWD,-3.15231493008,0.0229161873051,3
Open_YTD,VND,-3.11565888071,0.0254158557664,1
High_YTD,AUD,-3.70417850654,0.00405476212522,1
High_YTD,BDT,-2.90821387165,0.0444011396046,25
High_YTD,CNY,-3.20920830706,0.0194578153478,0
High_YTD,HKD,-4.11865541182,0.000901995976083,1
High_YTD,IDR,,,
High_YTD,INR,-4.1515773619,0.000794920158405,11
High_YTD,JPY,-3.1695388215,0.0218169958058,1
High_YTD,KRW,-3.73254678028,0.0036779604705,3
High_YTD,LKR,-2.96753633023,0.0380393384093,0
High_YTD,MNT,-3.20401400019,0.0197535056518,0
High_YTD,MYR,-2.99147098142,0.035698616719,0
High_YTD,NZD,-3.4190829881,0.0103252830136,1
High_YTD,PHP,-3.09479201244,0.0269410112748,0
High_YTD,PKR,-3.13340936554,0.0241775250303,22
High_YTD,SGD,-3.3539060484,0.0126342369846,2
High_YTD,THB,-2.99979704741,0.0349133578411,1
High_YTD,TWD,-3.15533435939,0.0227200999131,2
High_YTD,VND,-3.11682248859,0.0253330389743,2
Low_YTD,AUD,-3.74526319458,0.00351970416872,1
Low_YTD,BDT,-3.21347334288,0.0192179159983,12
Low_YTD,CNY,-3.29667324449,0.0150278370442,0
Low_YTD,HKD,-3.24005869678,0.0177799063008,8
Low_YTD,IDR,,,
Low_YTD,INR,-4.08933055188,0.0010086105766,11
Low_YTD,JPY,-3.35351987107,0.0126491839124,1
Low_YTD,KRW,-3.75436604359,0.00341028089233,1
Low_YTD,LKR,-3.06661702373,0.0291243586058,0
Low_YTD,MNT,-3.2847901468,0.0155721966501,0
Low_YTD,MYR,-3.17099245775,0.0217263546032,1
Low_YTD,NZD,-3.32643040487,0.0137375875951,2
Low_YTD,PHP,-3.15880855338,0.0224962769185,1
Low_YTD,PKR,-3.44401579255,0.00954682299474,16
Low_YTD,SGD,-3.33587296699,0.0133491472147,2
Low_YTD,THB,-3.09380406233,0.0270151264863,1
Low_YTD,TWD,-3.37056295307,0.0120042590378,2
Low_YTD,VND,-3.60840884384,0.00560228871359,12
Close_YTD,AUD,-3.76195207997,0.00332148528466,2
Close_YTD,BDT,-3.37077120733,0.0119965624991,11
Close_YTD,CNY,-3.31528695479,0.014208823382,0
Close_YTD,HKD,-3.65448670592,0.00480084206329,6
Close_YTD,IDR,,,
Close_YTD,INR,-4.05632979732,0.00114263973781,11
Close_YTD,JPY,-3.24023664953,0.0177706068563,0
Close_YTD,KRW,-3.73134374554,0.0036932649998,1
Close_YTD,LKR,-2.96064653596,0.0387365582208,0
Close_YTD,MNT,-3.34177349008,0.0131113795502,0
Close_YTD,MYR,-3.08932157504,0.0273535990183,0
Close_YTD,NZD,-3.34710335756,0.0128998383575,1
Close_YTD,PHP,-3.10502740745,0.0261833680146,1
Close_YTD,PKR,-3.28459162966,0.0155814360839,0
Close_YTD,SGD,-3.39905139031,0.0109912521848,1
Close_YTD,THB,-3.02443617438,0.0326745315401,0
Close_YTD,TWD,-3.28759653726,0.0154420956748,2
Close_YTD,VND,-3.11952851505,0.025141341914,1
